{"mel-lsd": 1.128698468208313, "mel-sispec": 1.1022706031799316, "mel-non-log-sispec": 1.110366702079773, "mel-ssim": 0.8867543150188606}