{"mel-lsd": 1.0741181373596191, "mel-sispec": 1.9884575605392456, "mel-non-log-sispec": 2.0223655700683594, "mel-ssim": 0.866183600396199}