{"mel-lsd": 1.260249376296997, "mel-sispec": 3.303591251373291, "mel-non-log-sispec": -0.9968135356903076, "mel-ssim": 0.8308652452974865}