{"mel-lsd": 1.4276291131973267, "mel-sispec": 0.7154327630996704, "mel-non-log-sispec": 2.133460760116577, "mel-ssim": 0.7962110030140508}