{"mel-lsd": 1.5937589406967163, "mel-sispec": 0.17029689252376556, "mel-non-log-sispec": -0.7635685205459595, "mel-ssim": 0.7863437735752683}