{"mel-lsd": 1.813750147819519, "mel-sispec": -2.2264723777770996, "mel-non-log-sispec": -2.028306245803833, "mel-ssim": 0.6830901568201351}