{"mel-lsd": 1.9261772632598877, "mel-sispec": -0.4550343453884125, "mel-non-log-sispec": 1.3406939506530762, "mel-ssim": 0.7736338418839823}